sic,office,industry
100,Life Sciences,AGRICULTURAL PRODUCTION-CROPS
200,Life Sciences,AGRICULTURAL PROD-LIVESTOCK & ANIMAL SPECIALTIES
700,Life Sciences,AGRICULTURAL SERVICES
800,Life Sciences,FORESTRY
900,Life Sciences,"FISHING, HUNTING AND TRAPPING"
1000,Energy & Transportation,METAL MINING
1040,Energy & Transportation,GOLD AND SILVER ORES
1090,Energy & Transportation,MISCELLANEOUS METAL ORES
1220,Energy & Transportation,BITUMINOUS COAL & LIGNITE MINING
1221,Energy & Transportation,BITUMINOUS COAL & LIGNITE SURFACE MINING
1311,Energy & Transportation,CRUDE PETROLEUM & NATURAL GAS
1381,Energy & Transportation,DRILLING OIL & GAS WELLS
1382,Energy & Transportation,OIL & GAS FIELD EXPLORATION SERVICES
1389,Energy & Transportation,"OIL & GAS FIELD SERVICES, NEC"
1400,Energy & Transportation,MINING & QUARRYING OF NONMETALLIC MINERALS (NO FUELS)
1520,Real Estate & Construction,GENERAL BLDG CONTRACTORS - RESIDENTIAL BLDGS
1531,Real Estate & Construction,OPERATIVE BUILDERS
1540,Real Estate & Construction,GENERAL BLDG CONTRACTORS - NONRESIDENTIAL BLDGS
1600,Real Estate & Construction,HEAVY CONSTRUCTION OTHER THAN BLDG CONST - CONTRACTORS
1623,Real Estate & Construction,"WATER, SEWER, PIPELINE, COMM & POWER LINE CONSTRUCTION"
1700,Real Estate & Construction,CONSTRUCTION - SPECIAL TRADE CONTRACTORS
1731,Real Estate & Construction,ELECTRICAL WORK
2000,Manufacturing,FOOD AND KINDRED PRODUCTS
2011,Manufacturing,MEAT PACKING PLANTS
2013,Manufacturing,SAUSAGES & OTHER PREPARED MEAT PRODUCTS
2015,Manufacturing,POULTRY SLAUGHTERING AND PROCESSING
2020,Manufacturing,DAIRY PRODUCTS
2024,Manufacturing,ICE CREAM & FROZEN DESSERTS
2030,Manufacturing,"CANNED, FROZEN & PRESERVD FRUIT, VEG & FOOD SPECIALTIES"
2033,Manufacturing,"CANNED, FRUITS, VEG, PRESERVES, JAMS & JELLIES"
2040,Manufacturing,GRAIN MILL PRODUCTS
2050,Manufacturing,BAKERY PRODUCTS
2052,Manufacturing,COOKIES & CRACKERS
2060,Manufacturing,SUGAR & CONFECTIONERY PRODUCTS
2070,Manufacturing,FATS & OILS
2080,Manufacturing,BEVERAGES
2082,Manufacturing,MALT BEVERAGES
2086,Manufacturing,BOTTLED & CANNED SOFT DRINKS & CARBONATED WATERS
2090,Manufacturing,MISCELLANEOUS FOOD PREPARATIONS & KINDRED PRODUCTS
2092,Manufacturing,PREPARED FRESH OR FROZEN FISH & SEAFOODS
2100,Manufacturing,TOBACCO PRODUCTS
2111,Manufacturing,CIGARETTES
2200,Manufacturing,TEXTILE MILL PRODUCTS
2211,Manufacturing,"BROADWOVEN FABRIC MILLS, COTTON"
2221,Manufacturing,"BROADWOVEN FABRIC MILLS, MAN MADE FIBER & SILK"
2250,Manufacturing,KNITTING MILLS
2253,Manufacturing,KNIT OUTERWEAR MILLS
2273,Manufacturing,CARPETS & RUGS
2300,Manufacturing,APPAREL & OTHER FINISHD PRODS OF FABRICS & SIMILAR MATL
2320,Manufacturing,"MEN'S & BOYS' FURNISHGS, WORK CLOTHG, & ALLIED GARMENTS"
2330,Manufacturing,"WOMEN'S, MISSES', AND JUNIORS OUTERWEAR"
2340,Manufacturing,"WOMEN'S, MISSES', CHILDREN'S & INFANTS' UNDERGARMENTS"
2390,Manufacturing,MISCELLANEOUS FABRICATED TEXTILE PRODUCTS
2400,Manufacturing,LUMBER & WOOD PRODUCTS (NO FURNITURE)
2421,Manufacturing,"SAWMILLS & PLANTING MILLS, GENERAL"
2430,Manufacturing,"MILLWOOD, VENEER, PLYWOOD, & STRUCTURAL WOOD MEMBERS"
2451,Manufacturing,MOBILE HOMES
2452,Manufacturing,PREFABRICATED WOOD BLDGS & COMPONENTS
2510,Manufacturing,HOUSEHOLD FURNITURE
2511,Manufacturing,"WOOD HOUSEHOLD FURNITURE, (NO UPHOLSTERED)"
2520,Manufacturing,OFFICE FURNITURE
2522,Manufacturing,OFFICE FURNITURE (NO WOOD)
2531,Manufacturing,PUBLIC BLDG & RELATED FURNITURE
2540,Manufacturing,"PARTITIONS, SHELVG, LOCKERS, & OFFICE & STORE FIXTURES"
2590,Manufacturing,MISCELLANEOUS FURNITURE & FIXTURES
2600,Manufacturing,PAPERS & ALLIED PRODUCTS
2611,Manufacturing,PULP MILLS
2621,Manufacturing,PAPER MILLS
2631,Manufacturing,PAPERBOARD MILLS
2650,Manufacturing,PAPERBOARD CONTAINERS & BOXES
2670,Manufacturing,CONVERTED PAPER & PAPERBOARD PRODS (NO CONTANERS/BOXES)
2673,Manufacturing,"PLASTICS, FOIL & COATED PAPER BAGS"
2711,Manufacturing,NEWSPAPERS: PUBLISHING OR PUBLISHING & PRINTING
2721,Manufacturing,PERIODICALS: PUBLISHING OR PUBLISHING & PRINTING
2731,Manufacturing,BOOKS: PUBLISHING OR PUBLISHING & PRINTING
2732,Manufacturing,BOOK PRINTING
2741,Manufacturing,MISCELLANEOUS PUBLISHING
2750,Manufacturing,COMMERCIAL PRINTING
2761,Manufacturing,MANIFOLD BUSINESS FORMS
2771,Manufacturing,GREETING CARDS
2780,Manufacturing,"BLANKBOOKS, LOOSELEAF BINDERS & BOOKBINDG & RELATD WORK"
2790,Manufacturing,SERVICE INDUSTRIES FOR THE PRINTING TRADE
2800,Life Sciences,CHEMICALS & ALLIED PRODUCTS
2810,Life Sciences,INDUSTRIAL INORGANIC CHEMICALS
2820,Life Sciences,"PLASTIC MATERIAL, SYNTH RESIN/RUBBER, CELLULOS (NO GLASS)"
2821,Life Sciences,"PLASTIC MATERIALS, SYNTH RESINS & NONVULCAN ELASTOMERS"
2833,Life Sciences,MEDICINAL CHEMICALS & BOTANICAL PRODUCTS
2834,Life Sciences,PHARMACEUTICAL PREPARATIONS
2835,Life Sciences,IN VITRO & IN VIVO DIAGNOSTIC SUBSTANCES
2836,Life Sciences,"BIOLOGICAL PRODUCTS, (NO DISGNOSTIC SUBSTANCES)"
2840,Life Sciences,"SOAP, DETERGENTS, CLEANG PREPARATIONS, PERFUMES, COSMETICS"
2842,Life Sciences,"SPECIALTY CLEANING, POLISHING AND SANITATION PREPARATIONS"
2844,Life Sciences,"PERFUMES, COSMETICS & OTHER TOILET PREPARATIONS"
2851,Life Sciences,"PAINTS, VARNISHES, LACQUERS, ENAMELS & ALLIED PRODS"
2860,Life Sciences,INDUSTRIAL ORGANIC CHEMICALS
2870,Life Sciences,AGRICULTURAL CHEMICALS
2890,Life Sciences,MISCELLANEOUS CHEMICAL PRODUCTS
2891,Life Sciences,ADHESIVES & SEALANTS
2911,Energy & Transportation,PETROLEUM REFINING
2950,Energy & Transportation,ASPHALT PAVING & ROOFING MATERIALS
2990,Energy & Transportation,MISCELLANEOUS PRODUCTS OF PETROLEUM & COAL
3011,Manufacturing,TIRES & INNER TUBES
3021,Manufacturing,RUBBER & PLASTICS FOOTWEAR
3050,Manufacturing,"GASKETS, PACKG & SEALG DEVICES & RUBBER & PLASTICS HOSE"
3060,Manufacturing,"FABRICATED RUBBER PRODUCTS, NEC"
3080,Manufacturing,MISCELLANEOUS PLASTICS PRODUCTS
3081,Manufacturing,UNSUPPORTED PLASTICS FILM & SHEET
3086,Manufacturing,PLASTICS FOAM PRODUCTS
3089,Manufacturing,"PLASTICS PRODUCTS, NEC"
3100,Manufacturing,LEATHER & LEATHER PRODUCTS
3140,Manufacturing,"FOOTWEAR, (NO RUBBER)"
3211,Manufacturing,FLAT GLASS
3220,Manufacturing,"GLASS & GLASSWARE, PRESSED OR BLOWN"
3221,Manufacturing,GLASS CONTAINERS
3231,Manufacturing,"GLASS PRODUCTS, MADE OF PURCHASED GLASS"
3241,Manufacturing,"CEMENT, HYDRAULIC"
3250,Manufacturing,STRUCTURAL CLAY PRODUCTS
3260,Manufacturing,POTTERY & RELATED PRODUCTS
3270,Manufacturing,"CONCRETE, GYPSUM & PLASTER PRODUCTS"
3272,Manufacturing,"CONCRETE PRODUCTS, EXCEPT BLOCK & BRICK"
3281,Manufacturing,CUT STONE & STONE PRODUCTS
3290,Manufacturing,"ABRASIVE, ASBESTOS & MISC NONMETALLIC MINERAL PRODS"
3310,Manufacturing,"STEEL WORKS, BLAST FURNACES & ROLLING & FINISHING MILLS"
3312,Manufacturing,"STEEL WORKS, BLAST FURNACES & ROLLING MILLS (COKE OVENS)"
3317,Manufacturing,STEEL PIPE & TUBES
3320,Manufacturing,IRON & STEEL FOUNDRIES
3330,Manufacturing,PRIMARY SMELTING & REFINING OF NONFERROUS METALS
3334,Manufacturing,PRIMARY PRODUCTION OF ALUMINUM
3341,Manufacturing,SECONDARY SMELTING & REFINING OF NONFERROUS METALS
3350,Manufacturing,ROLLING DRAWING & EXTRUDING OF NONFERROUS METALS
3357,Manufacturing,DRAWING & INSULATING OF NONFERROUS WIRE
3360,Manufacturing,NONFERROUS FOUNDRIES (CASTINGS)
3390,Manufacturing,MISCELLANEOUS PRIMARY METAL PRODUCTS
3411,Manufacturing,METAL CANS
3412,Manufacturing,"METAL SHIPPING BARRELS, DRUMS, KEGS & PAILS"
3420,Manufacturing,"CUTLERY, HANDTOOLS & GENERAL HARDWARE"
3430,Manufacturing,"HEATING EQUIP, EXCEPT ELEC & WARM AIR; & PLUMBING FIXTURES"
3433,Manufacturing,"HEATING EQUIPMENT, EXCEPT ELECTRIC & WARM AIR FURNACES"
3440,Manufacturing,FABRICATED STRUCTURAL METAL PRODUCTS
3442,Manufacturing,"METAL DOORS, SASH, FRAMES, MOLDINGS & TRIM"
3443,Manufacturing,FABRICATED PLATE WORK (BOILER SHOPS)
3444,Manufacturing,SHEET METAL WORK
3448,Manufacturing,PREFABRICATED METAL BUILDINGS & COMPONENTS
3451,Manufacturing,SCREW MACHINE PRODUCTS
3452,Manufacturing,"BOLTS, NUTS, SCREWS, RIVETS & WASHERS"
3460,Manufacturing,METAL FORGINGS & STAMPINGS
3470,Manufacturing,"COATING, ENGRAVING & ALLIED SERVICES"
3480,Manufacturing,"ORDNANCE & ACCESSORIES, (NO VEHICLES/GUIDED MISSILES)"
3490,Manufacturing,MISCELLANEOUS FABRICATED METAL PRODUCTS
3510,Technology,ENGINES & TURBINES
3523,Technology,FARM MACHINERY & EQUIPMENT
3524,Technology,LAWN & GARDEN TRACTORS & HOME LAWN & GARDENS EQUIP
3530,Technology,"CONSTRUCTION, MINING & MATERIALS HANDLING MACHINERY & EQUIP"
3531,Technology,CONSTRUCTION MACHINERY & EQUIP
3532,Technology,MINING MACHINERY & EQUIP (NO OIL & GAS FIELD MACH & EQUIP)
3533,Technology,OIL & GAS FIELD MACHINERY & EQUIPMENT
3537,Technology,"INDUSTRIAL TRUCKS, TRACTORS, TRAILORS & STACKERS"
3540,Technology,METALWORKG MACHINERY & EQUIPMENT
3541,Technology,"MACHINE TOOLS, METAL CUTTING TYPES"
3550,Technology,SPECIAL INDUSTRY MACHINERY (NO METALWORKING MACHINERY)
3555,Technology,PRINTING TRADES MACHINERY & EQUIPMENT
3559,Technology,"SPECIAL INDUSTRY MACHINERY, NEC"
3560,Technology,GENERAL INDUSTRIAL MACHINERY & EQUIPMENT
3561,Technology,PUMPS & PUMPING EQUIPMENT
3562,Technology,BALL & ROLLER BEARINGS
3564,Technology,INDUSTRIAL & COMMERCIAL FANS & BLOWERS & AIR PURIFING EQUIP
3567,Technology,INDUSTRIAL PROCESS FURNACES & OVENS
3569,Technology,"GENERAL INDUSTRIAL MACHINERY & EQUIPMENT, NEC"
3570,Technology,COMPUTER & OFFICE EQUIPMENT
3571,Technology,ELECTRONIC COMPUTERS
3572,Technology,COMPUTER STORAGE DEVICES
3575,Technology,COMPUTER TERMINALS
3576,Technology,COMPUTER COMMUNICATIONS EQUIPMENT
3577,Technology,"COMPUTER PERIPHERAL EQUIPMENT, NEC"
3578,Technology,CALCULATING & ACCOUNTING MACHINES (NO ELECTRONIC COMPUTERS)
3579,Technology,"OFFICE MACHINES, NEC"
3580,Technology,REFRIGERATION & SERVICE INDUSTRY MACHINERY
3585,Technology,AIR-COND & WARM AIR HEATG EQUIP & COMM & INDL REFRIG EQUIP
3590,Technology,MISC INDUSTRIAL & COMMERCIAL MACHINERY & EQUIPMENT
3600,Manufacturing,ELECTRONIC & OTHER ELECTRICAL EQUIPMENT (NO COMPUTER EQUIP)
3612,Manufacturing,"POWER, DISTRIBUTION & SPECIALTY TRANSFORMERS"
3613,Manufacturing,SWITCHGEAR & SWITCHBOARD APPARATUS
3620,Manufacturing,ELECTRICAL INDUSTRIAL APPARATUS
3621,Manufacturing,MOTORS & GENERATORS
3630,Manufacturing,HOUSEHOLD APPLIANCES
3634,Manufacturing,ELECTRIC HOUSEWARES & FANS
3640,Manufacturing,ELECTRIC LIGHTING & WIRING EQUIPMENT
3651,Manufacturing,HOUSEHOLD AUDIO & VIDEO EQUIPMENT
3652,Manufacturing,PHONOGRAPH RECORDS & PRERECORDED AUDIO TAPES & DISKS
3661,Manufacturing,TELEPHONE & TELEGRAPH APPARATUS
3663,Manufacturing,RADIO & TV BROADCASTING & COMMUNICATIONS EQUIPMENT
3669,Manufacturing,"COMMUNICATIONS EQUIPMENT, NEC"
3670,Manufacturing,ELECTRONIC COMPONENTS & ACCESSORIES
3672,Manufacturing,PRINTED CIRCUIT BOARDS
3674,Manufacturing,SEMICONDUCTORS & RELATED DEVICES
3677,Manufacturing,"ELECTRONIC COILS, TRANSFORMERS & OTHER INDUCTORS"
3678,Manufacturing,ELECTRONIC CONNECTORS
3679,Manufacturing,"ELECTRONIC COMPONENTS, NEC"
3690,Manufacturing,"MISCELLANEOUS ELECTRICAL MACHINERY, EQUIPMENT & SUPPLIES"
3695,Manufacturing,MAGNETIC & OPTICAL RECORDING MEDIA
3711,Manufacturing,MOTOR VEHICLES & PASSENGER CAR BODIES
3713,Manufacturing,TRUCK & BUS BODIES
3714,Manufacturing,MOTOR VEHICLE PARTS & ACCESSORIES
3715,Manufacturing,TRUCK TRAILERS
3716,Manufacturing,MOTOR HOMES
3720,Manufacturing,AIRCRAFT & PARTS
3721,Manufacturing,AIRCRAFT
3724,Manufacturing,AIRCRAFT ENGINES & ENGINE PARTS
3728,Manufacturing,"AIRCRAFT PARTS & AUXILIARY EQUIPMENT, NEC"
3730,Manufacturing,SHIP & BOAT BUILDING & REPAIRING
3743,Manufacturing,RAILROAD EQUIPMENT
3751,Manufacturing,"MOTORCYCLES, BICYCLES & PARTS"
3760,Manufacturing,GUIDED MISSILES & SPACE VEHICLES & PARTS
3790,Manufacturing,MISCELLANEOUS TRANSPORTATION EQUIPMENT
3812,Manufacturing,"SEARCH, DETECTION, NAVAGATION, GUIDANCE, AERONAUTICAL SYS"
3821,Life Sciences,LABORATORY APPARATUS & FURNITURE
3822,Life Sciences,AUTO CONTROLS FOR REGULATING RESIDENTIAL & COMML ENVIRONMENTS
3823,Life Sciences,"INDUSTRIAL INSTRUMENTS FOR MEASUREMENT, DISPLAY, AND CONTROL"
3824,Life Sciences,TOTALIZING FLUID METERS & COUNTING DEVICES
3825,Life Sciences,INSTRUMENTS FOR MEAS & TESTING OF ELECTRICITY & ELEC SIGNALS
3826,Life Sciences,LABORATORY ANALYTICAL INSTRUMENTS
3827,Life Sciences,OPTICAL INSTRUMENTS & LENSES
3829,Life Sciences,"MEASURING & CONTROLLING DEVICES, NEC"
3841,Life Sciences,SURGICAL & MEDICAL INSTRUMENTS & APPARATUS
3842,Life Sciences,"ORTHOPEDIC, PROSTHETIC & SURGICAL APPLIANCES & SUPPLIES"
3843,Life Sciences,DENTAL EQUIPMENT & SUPPLIES
3844,Life Sciences,X-RAY APPARATUS & TUBES & RELATED IRRADIATION APPARATUS
3845,Life Sciences,ELECTROMEDICAL & ELECTROTHERAPEUTIC APPARATUS
3851,Life Sciences,OPHTHALMIC GOODS
3861,Life Sciences,PHOTOGRAPHIC EQUIPMENT & SUPPLIES
3873,Life Sciences,"WATCHES, CLOCKS, CLOCKWORK OPERATED DEVICES/PARTS"
3910,Manufacturing,"JEWELRY, SILVERWARE & PLATED WARE"
3911,Manufacturing,"JEWELRY, PRECIOUS METAL"
3931,Manufacturing,MUSICAL INSTRUMENTS
3942,Manufacturing,DOLLS & STUFFED TOYS
3944,Manufacturing,"GAMES, TOYS & CHILDREN'S VEHICLES (NO DOLLS & BICYCLES)"
3949,Manufacturing,"SPORTING & ATHLETIC GOODS, NEC"
3950,Manufacturing,"PENS, PENCILS & OTHER ARTISTS' MATERIALS"
3960,Manufacturing,COSTUME JEWELRY & NOVELTIES
3990,Manufacturing,MISCELLANEOUS MANUFACTURING INDUSTRIES
4011,Energy & Transportation,"RAILROADS, LINE-HAUL OPERATING"
4013,Energy & Transportation,RAILROAD SWITCHING & TERMINAL ESTABLISHMENTS
4100,Energy & Transportation,LOCAL & SUBURBAN TRANSIT & INTERURBAN HWY PASSENGER TRANS
4210,Energy & Transportation,TRUCKING & COURIER SERVICES (NO AIR)
4213,Energy & Transportation,TRUCKING (NO LOCAL)
4220,Energy & Transportation,PUBLIC WAREHOUSING & STORAGE
4231,Energy & Transportation,TERMINAL MAINTENANCE FACILITIES FOR MOTOR FREIGHT TRANSPORT
4400,Energy & Transportation,WATER TRANSPORTATION
4412,Energy & Transportation,DEEP SEA FOREIGN TRANSPORTATION OF FREIGHT
4512,Energy & Transportation,"AIR TRANSPORTATION, SCHEDULED"
4513,Energy & Transportation,AIR COURIER SERVICES
4522,Energy & Transportation,"AIR TRANSPORTATION, NONSCHEDULED"
4581,Energy & Transportation,"AIRPORTS, FLYING FIELDS & AIRPORT TERMINAL SERVICES"
4610,Energy & Transportation,PIPE LINES (NO NATURAL GAS)
4700,Energy & Transportation,TRANSPORTATION SERVICES
4731,Energy & Transportation,ARRANGEMENT OF TRANSPORTATION OF FREIGHT & CARGO
4812,Technology,RADIOTELEPHONE COMMUNICATIONS
4813,Technology,TELEPHONE COMMUNICATIONS (NO RADIOTELEPHONE)
4822,Technology,TELEGRAPH & OTHER MESSAGE COMMUNICATIONS
4832,Technology,RADIO BROADCASTING STATIONS
4833,Technology,TELEVISION BROADCASTING STATIONS
4841,Technology,CABLE & OTHER PAY TELEVISION SERVICES
4899,Technology,"COMMUNICATIONS SERVICES, NEC"
4900,Energy & Transportation,"ELECTRIC, GAS & SANITARY SERVICES"
4911,Energy & Transportation,ELECTRIC SERVICES
4922,Energy & Transportation,NATURAL GAS TRANSMISSION
4923,Energy & Transportation,NATURAL GAS TRANSMISISON & DISTRIBUTION
4924,Energy & Transportation,NATURAL GAS DISTRIBUTION
4931,Energy & Transportation,ELECTRIC & OTHER SERVICES COMBINED
4932,Energy & Transportation,GAS & OTHER SERVICES COMBINED
4941,Energy & Transportation,WATER SUPPLY
4950,Energy & Transportation,SANITARY SERVICES
4953,Energy & Transportation,REFUSE SYSTEMS
4955,Energy & Transportation,HAZARDOUS WASTE MANAGEMENT
4961,Energy & Transportation,STEAM & AIR-CONDITIONING SUPPLY
4991,Energy & Transportation,COGENERATION SERVICES & SMALL POWER PRODUCERS
5000,Trade & Services,WHOLESALE-DURABLE GOODS
5010,Trade & Services,WHOLESALE-MOTOR VEHICLES & MOTOR VEHICLE PARTS & SUPPLIES
5013,Trade & Services,WHOLESALE-MOTOR VEHICLE SUPPLIES & NEW PARTS
5020,Trade & Services,WHOLESALE-FURNITURE & HOME FURNISHINGS
5030,Trade & Services,WHOLESALE-LUMBER & OTHER CONSTRUCTION MATERIALS
5031,Trade & Services,"WHOLESALE-LUMBER, PLYWOOD, MILLWORK & WOOD PANELS"
5040,Trade & Services,WHOLESALE-PROFESSIONAL & COMMERCIAL EQUIPMENT & SUPPLIES
5045,Trade & Services,WHOLESALE-COMPUTERS & PERIPHERAL EQUIPMENT & SOFTWARE
5047,Trade & Services,"WHOLESALE-MEDICAL, DENTAL & HOSPITAL EQUIPMENT & SUPPLIES"
5050,Trade & Services,WHOLESALE-METALS & MINERALS (NO PETROLEUM)
5051,Trade & Services,WHOLESALE-METALS SERVICE CENTERS & OFFICES
5063,Trade & Services,"WHOLESALE-ELECTRICAL APPARATUS & EQUIPMENT, WIRING SUPPLIES"
5064,Trade & Services,"WHOLESALE-ELECTRICAL APPLIANCES, TV & RADIO SETS"
5065,Trade & Services,"WHOLESALE-ELECTRONIC PARTS & EQUIPMENT, NEC"
5070,Trade & Services,WHOLESALE-HARDWARE & PLUMBING & HEATING EQUIPMENT & SUPPLIES
5072,Trade & Services,WHOLESALE-HARDWARE
5080,Trade & Services,"WHOLESALE-MACHINERY, EQUIPMENT & SUPPLIES"
5082,Trade & Services,WHOLESALE-CONSTRUCTION & MINING (NO PETRO) MACHINERY & EQUIP
5084,Trade & Services,WHOLESALE-INDUSTRIAL MACHINERY & EQUIPMENT
5090,Trade & Services,WHOLESALE-MISC DURABLE GOODS
5094,Trade & Services,"WHOLESALE-JEWELRY, WATCHES, PRECIOUS STONES & METALS"
5099,Trade & Services,"WHOLESALE-DURABLE GOODS, NEC"
5110,Trade & Services,WHOLESALE-PAPER & PAPER PRODUCTS
5122,Trade & Services,"WHOLESALE-DRUGS, PROPRIETARIES & DRUGGISTS' SUNDRIES"
5130,Trade & Services,"WHOLESALE-APPAREL, PIECE GOODS & NOTIONS"
5140,Trade & Services,WHOLESALE-GROCERIES & RELATED PRODUCTS
5141,Trade & Services,"WHOLESALE-GROCERIES, GENERAL LINE"
5150,Trade & Services,WHOLESALE-FARM PRODUCT RAW MATERIALS
5160,Trade & Services,WHOLESALE-CHEMICALS & ALLIED PRODUCTS
5171,Trade & Services,WHOLESALE-PETROLEUM BULK STATIONS & TERMINALS
5172,Trade & Services,WHOLESALE-PETROLEUM & PETROLEUM PRODUCTS (NO BULK STATIONS)
5180,Trade & Services,"WHOLESALE-BEER, WINE & DISTILLED ALCOHOLIC BEVERAGES"
5190,Trade & Services,WHOLESALE-MISCELLANEOUS NONDURABLE GOODS
5200,Trade & Services,"RETAIL-BUILDING MATERIALS, HARDWARE, GARDEN SUPPLY"
5211,Trade & Services,RETAIL-LUMBER & OTHER BUILDING MATERIALS DEALERS
5271,Trade & Services,RETAIL-MOBILE HOME DEALERS
5311,Trade & Services,RETAIL-DEPARTMENT STORES
5331,Trade & Services,RETAIL-VARIETY STORES
5399,Trade & Services,RETAIL-MISC GENERAL MERCHANDISE STORES
5400,Trade & Services,RETAIL-FOOD STORES
5411,Trade & Services,RETAIL-GROCERY STORES
5412,Trade & Services,RETAIL-CONVENIENCE STORES
5500,Trade & Services,RETAIL-AUTO DEALERS & GASOLINE STATIONS
5531,Trade & Services,RETAIL-AUTO & HOME SUPPLY STORES
5600,Trade & Services,RETAIL-APPAREL & ACCESSORY STORES
5621,Trade & Services,RETAIL-WOMEN'S CLOTHING STORES
5651,Trade & Services,RETAIL-FAMILY CLOTHING STORES
5661,Trade & Services,RETAIL-SHOE STORES
5700,Trade & Services,"RETAIL-HOME FURNITURE, FURNISHINGS & EQUIPMENT STORES"
5712,Trade & Services,RETAIL-FURNITURE STORES
5731,Trade & Services,"RETAIL-RADIO, TV & CONSUMER ELECTRONICS STORES"
5734,Trade & Services,RETAIL-COMPUTER & COMPUTER SOFTWARE STORES
5735,Trade & Services,RETAIL-RECORD & PRERECORDED TAPE STORES
5810,Trade & Services,RETAIL-EATING & DRINKING PLACES
5812,Trade & Services,RETAIL-EATING PLACES
5900,Trade & Services,RETAIL-MISCELLANEOUS RETAIL
5912,Trade & Services,RETAIL-DRUG STORES AND PROPRIETARY STORES
5940,Trade & Services,RETAIL-MISCELLANEOUS SHOPPING GOODS STORES
5944,Trade & Services,RETAIL-JEWELRY STORES
5945,Trade & Services,"RETAIL-HOBBY, TOY & GAME SHOPS"
5960,Trade & Services,RETAIL-NONSTORE RETAILERS
5961,Trade & Services,RETAIL-CATALOG & MAIL-ORDER HOUSES
5990,Trade & Services,"RETAIL-RETAIL STORES, NEC"
6021,Finance,NATIONAL COMMERCIAL BANKS
6022,Finance,STATE COMMERCIAL BANKS
6029,Finance,"COMMERCIAL BANKS, NEC"
6035,Finance,"SAVINGS INSTITUTION, FEDERALLY CHARTERED"
6036,Finance,"SAVINGS INSTITUTIONS, NOT FEDERALLY CHARTERED"
6099,Finance,"FUNCTIONS RELATED TO DEPOSITORY BANKING, NEC"
6111,Finance,FEDERAL & FEDERALLY-SPONSORED CREDIT AGENCIES
6141,Finance,PERSONAL CREDIT INSTITUTIONS
6153,Finance,SHORT-TERM BUSINESS CREDIT INSTITUTIONS
6159,Finance,MISCELLANEOUS BUSINESS CREDIT INSTITUTION
6162,Finance,MORTGAGE BANKERS & LOAN CORRESPONDENTS
6163,Finance,LOAN BROKERS
6172,Finance,FINANCE LESSORS
6189,Structured Finance,ASSET-BACKED SECURITIES
6199,Finance,FINANCE SERVICES
6200,Finance,"SECURITY & COMMODITY BROKERS, DEALERS, EXCHANGES & SERVICES"
6211,Finance,"SECURITY BROKERS, DEALERS & FLOTATION COMPANIES"
6221,Finance,COMMODITY CONTRACTS BROKERS & DEALERS
6282,Finance,INVESTMENT ADVICE
6311,Finance,LIFE INSURANCE
6321,Finance,ACCIDENT & HEALTH INSURANCE
6324,Finance,HOSPITAL & MEDICAL SERVICE PLANS
6331,Finance,"FIRE, MARINE & CASUALTY INSURANCE"
6351,Finance,SURETY INSURANCE
6361,Finance,TITLE INSURANCE
6399,Finance,"INSURANCE CARRIERS, NEC"
6411,Finance,"INSURANCE AGENTS, BROKERS & SERVICE"
6500,Real Estate & Construction,REAL ESTATE
6510,Real Estate & Construction,REAL ESTATE OPERATORS (NO DEVELOPERS) & LESSORS
6512,Real Estate & Construction,OPERATORS OF NONRESIDENTIAL BUILDINGS
6513,Real Estate & Construction,OPERATORS OF APARTMENT BUILDINGS
6519,Real Estate & Construction,"LESSORS OF REAL PROPERTY, NEC"
6531,Real Estate & Construction,REAL ESTATE AGENTS & MANAGERS (FOR OTHERS)
6532,Real Estate & Construction,REAL ESTATE DEALERS (FOR THEIR OWN ACCOUNT)
6552,Real Estate & Construction,LAND SUBDIVIDERS & DEVELOPERS (NO CEMETERIES)
6770,Real Estate & Construction,BLANK CHECKS
6792,Real Estate & Construction,OIL ROYALTY TRADERS
6794,Real Estate & Construction,PATENT OWNERS & LESSORS
6795,Real Estate & Construction,MINERAL ROYALTY TRADERS
6798,Real Estate & Construction,REAL ESTATE INVESTMENT TRUSTS
6799,Real Estate & Construction,"INVESTORS, NEC"
7000,Real Estate & Construction,"HOTELS, ROOMING HOUSES, CAMPS & OTHER LODGING PLACES"
7011,Real Estate & Construction,HOTELS & MOTELS
7200,Trade & Services,SERVICES-PERSONAL SERVICES
7310,Trade & Services,SERVICES-ADVERTISING
7311,Trade & Services,SERVICES-ADVERTISING AGENCIES
7320,Trade & Services,"SERVICES-CONSUMER CREDIT REPORTING, COLLECTION AGENCIES"
7330,Trade & Services,"SERVICES-MAILING, REPRODUCTION, COMMERCIAL ART & PHOTOGRAPHY"
7331,Trade & Services,SERVICES-DIRECT MAIL ADVERTISING SERVICES
7340,Trade & Services,SERVICES-TO DWELLINGS & OTHER BUILDINGS
7350,Trade & Services,SERVICES-MISCELLANEOUS EQUIPMENT RENTAL & LEASING
7359,Trade & Services,"SERVICES-EQUIPMENT RENTAL & LEASING, NEC"
7361,Trade & Services,SERVICES-EMPLOYMENT AGENCIES
7363,Trade & Services,SERVICES-HELP SUPPLY SERVICES
7370,Technology,"SERVICES-COMPUTER PROGRAMMING, DATA PROCESSING, ETC."
7371,Technology,SERVICES-COMPUTER PROGRAMMING SERVICES
7372,Technology,SERVICES-PREPACKAGED SOFTWARE
7373,Technology,SERVICES-COMPUTER INTEGRATED SYSTEMS DESIGN
7374,Technology,SERVICES-COMPUTER PROCESSING & DATA PREPARATION
7377,Trade & Services,SERVICES-COMPUTER RENTAL & LEASING
7380,Trade & Services,SERVICES-MISCELLANEOUS BUSINESS SERVICES
7381,Trade & Services,"SERVICES-DETECTIVE, GUARD & ARMORED CAR SERVICES"
7384,Trade & Services,SERVICES-PHOTOFINISHING LABORATORIES
7385,Trade & Services,SERVICES-TELEPHONE INTERCONNECT SYSTEMS
7389,Trade & Services,"SERVICES-BUSINESS SERVICES, NEC"
7500,Trade & Services,"SERVICES-AUTOMOTIVE REPAIR, SERVICES & PARKING"
7510,Trade & Services,SERVICES-AUTO RENTAL & LEASING (NO DRIVERS)
7600,Trade & Services,SERVICES-MISCELLANEOUS REPAIR SERVICES
7812,Trade & Services,SERVICES-MOTION PICTURE & VIDEO TAPE PRODUCTION
7819,Trade & Services,SERVICES-ALLIED TO MOTION PICTURE PRODUCTION
7822,Trade & Services,SERVICES-MOTION PICTURE & VIDEO TAPE DISTRIBUTION
7829,Trade & Services,SERVICES-ALLIED TO MOTION PICTURE DISTRIBUTION
7830,Trade & Services,SERVICES-MOTION PICTURE THEATERS
7841,Trade & Services,SERVICES-VIDEO TAPE RENTAL
7900,Trade & Services,SERVICES-AMUSEMENT & RECREATION SERVICES
7948,Trade & Services,"SERVICES-RACING, INCLUDING TRACK OPERATION"
7990,Trade & Services,SERVICES-MISCELLANEOUS AMUSEMENT & RECREATION
7997,Trade & Services,SERVICES-MEMBERSHIP SPORTS & RECREATION CLUBS
8000,Life Sciences,SERVICES-HEALTH SERVICES
8011,Life Sciences,SERVICES-OFFICES & CLINICS OF DOCTORS OF MEDICINE
8050,Life Sciences,SERVICES-NURSING & PERSONAL CARE FACILITIES
8051,Life Sciences,SERVICES-SKILLED NURSING CARE FACILITIES
8060,Life Sciences,SERVICES-HOSPITALS
8062,Life Sciences,"SERVICES-GENERAL MEDICAL & SURGICAL HOSPITALS, NEC"
8071,Life Sciences,SERVICES-MEDICAL LABORATORIES
8082,Life Sciences,SERVICES-HOME HEALTH CARE SERVICES
8090,Life Sciences,"SERVICES-MISC HEALTH & ALLIED SERVICES, NEC"
8093,Life Sciences,"SERVICES-SPECIALTY OUTPATIENT FACILITIES, NEC"
8111,Trade & Services,SERVICES-LEGAL SERVICES
8200,Trade & Services,SERVICES-EDUCATIONAL SERVICES
8300,Trade & Services,SERVICES-SOCIAL SERVICES
8351,Trade & Services,SERVICES-CHILD DAY CARE SERVICES
8600,Trade & Services,SERVICES-MEMBERSHIP ORGANIZATIONS
8700,Trade & Services,"SERVICES-ENGINEERING, ACCOUNTING, RESEARCH, MANAGEMENT"
8711,Trade & Services,SERVICES-ENGINEERING SERVICES
8731,Trade & Services,SERVICES-COMMERCIAL PHYSICAL & BIOLOGICAL RESEARCH
8734,Trade & Services,SERVICES-TESTING LABORATORIES
8741,Trade & Services,SERVICES-MANAGEMENT SERVICES
8742,Trade & Services,SERVICES-MANAGEMENT CONSULTING SERVICES
8744,Trade & Services,SERVICES-FACILITIES SUPPORT MANAGEMENT SERVICES
8880,International Corp Fin,AMERICAN DEPOSITARY RECEIPTS
8888,International Corp Fin,FOREIGN GOVERNMENTS
8900,Trade & Services,"SERVICES-SERVICES, NEC"
9721,International Corp Fin,INTERNATIONAL AFFAIRS
9995,Real Estate & Construction,NON-OPERATING ESTABLISHMENTS
